DATA; N TASKS; TOTAL RUN SECONDS CPU; TOTAL RUN SECONDS GPU; DISCOVER ENTRIES RUNTIME MS; COMPUTE METRICS RUNTIME MS; SORT RUNTIME MS; VERSION; PLATFORM; PREFERRED WORK GROUP SIZE; GPU TEMPERATURE; CPU TEMPERATURE; DEVICE
29/12/21 23.59.54; 64; 2.734399E+00; 6.250496E-03; 5.939200E-02; 4.304544E+00; 1.474560E-01; standard; NVIDIA CUDA; 32; 40; 52; NVIDIA GeForce GTX 1650 with Max-Q Design
29/12/21 23.59.56; 64; 1.189271E+00; 9.125888E-03; 4.963200E-02; 4.498432E+00; 1.416640E-01; standard; NVIDIA CUDA; 32; 41; 52; NVIDIA GeForce GTX 1650 with Max-Q Design
30/12/21 00.01.39; 128; 2.781891E+00; 1.325565E-02; 8.291200E-02; 9.940992E+00; 2.621440E-01; standard; NVIDIA CUDA; 32; 40; 52; NVIDIA GeForce GTX 1650 with Max-Q Design
30/12/21 00.01.41; 128; 1.340238E+00; 1.692070E-02; 1.432000E-01; 1.015264E+01; 2.621760E-01; standard; NVIDIA CUDA; 32; 40; 52; NVIDIA GeForce GTX 1650 with Max-Q Design
30/12/21 00.01.42; 128; 1.283628E+00; 1.536614E-02; 6.928000E-02; 1.007533E+01; 1.993280E-01; standard; NVIDIA CUDA; 32; 41; 52; NVIDIA GeForce GTX 1650 with Max-Q Design
30/12/21 00.01.43; 128; 1.294684E+00; 1.468976E-02; 8.006400E-02; 1.138205E+01; 1.940160E-01; standard; NVIDIA CUDA; 32; 41; 52; NVIDIA GeForce GTX 1650 with Max-Q Design
30/12/21 00.01.45; 128; 1.263569E+00; 1.369158E-02; 1.760960E-01; 1.038541E+01; 2.088960E-01; standard; NVIDIA CUDA; 32; 41; 52; NVIDIA GeForce GTX 1650 with Max-Q Design
30/12/21 00.21.58; 64; 2.643801E+00; 6.047072E-03; 4.476800E-02; 3.849408E+00; 2.102720E-01; standard; NVIDIA CUDA; 32; 40; 52; NVIDIA GeForce GTX 1650 with Max-Q Design
30/12/21 00.21.59; 64; 1.152349E+00; 7.183872E-03; 1.271680E-01; 4.872096E+00; 1.350400E-01; standard; NVIDIA CUDA; 32; 41; 52; NVIDIA GeForce GTX 1650 with Max-Q Design
30/12/21 00.23.04; 128; 2.990263E+01; 1.236064E-02; 7.878400E-02; 1.036080E+01; 1.863680E-01; standard; NVIDIA CUDA; 32; 42; 52; NVIDIA GeForce GTX 1650 with Max-Q Design
30/12/21 00.23.05; 128; 1.233191E+00; 1.695683E-02; 7.977600E-02; 1.079296E+01; 1.985920E-01; standard; NVIDIA CUDA; 32; 42; 52; NVIDIA GeForce GTX 1650 with Max-Q Design
30/12/21 00.23.06; 128; 1.163544E+00; 1.402435E-02; 7.168000E-02; 1.055837E+01; 1.880640E-01; standard; NVIDIA CUDA; 32; 42; 52; NVIDIA GeForce GTX 1650 with Max-Q Design
30/12/21 00.23.08; 128; 1.144667E+00; 1.569859E-02; 6.211200E-02; 1.051619E+01; 1.863680E-01; standard; NVIDIA CUDA; 32; 43; 52; NVIDIA GeForce GTX 1650 with Max-Q Design
30/12/21 00.23.09; 128; 1.150191E+00; 1.553408E-02; 1.979200E-01; 1.067008E+01; 1.728640E-01; standard; NVIDIA CUDA; 32; 43; 52; NVIDIA GeForce GTX 1650 with Max-Q Design
30/12/21 00.24.54; 128; 2.690400E+00; 1.279667E-02; 6.150400E-02; 9.888064E+00; 1.746880E-01; standard; NVIDIA CUDA; 32; 42; 52; NVIDIA GeForce GTX 1650 with Max-Q Design
30/12/21 00.24.55; 128; 1.186295E+00; 1.594982E-02; 8.806400E-02; 9.992192E+00; 1.843200E-01; standard; NVIDIA CUDA; 32; 42; 52; NVIDIA GeForce GTX 1650 with Max-Q Design
30/12/21 00.24.57; 128; 1.174279E+00; 1.575696E-02; 1.371840E-01; 1.052259E+01; 2.126720E-01; standard; NVIDIA CUDA; 32; 42; 52; NVIDIA GeForce GTX 1650 with Max-Q Design
30/12/21 00.24.58; 128; 1.177629E+00; 1.474166E-02; 6.288000E-02; 1.022771E+01; 2.109120E-01; standard; NVIDIA CUDA; 32; 43; 52; NVIDIA GeForce GTX 1650 with Max-Q Design
30/12/21 00.24.59; 128; 1.182065E+00; 1.454490E-02; 1.106240E-01; 1.056358E+01; 2.334720E-01; standard; NVIDIA CUDA; 32; 43; 52; NVIDIA GeForce GTX 1650 with Max-Q Design
30/12/21 00.25.52; 256; 6.731253E+00; 3.947923E-02; 9.382400E-02; 3.545130E+01; 5.243520E-01; standard; NVIDIA CUDA; 32; 46; 52; NVIDIA GeForce GTX 1650 with Max-Q Design
30/12/21 00.25.56; 256; 4.433583E+00; 4.205021E-02; 1.030720E-01; 3.528614E+01; 5.795840E-01; standard; NVIDIA CUDA; 32; 47; 52; NVIDIA GeForce GTX 1650 with Max-Q Design
30/12/21 00.26.01; 256; 4.417207E+00; 4.100022E-02; 1.344320E-01; 3.400774E+01; 5.235200E-01; standard; NVIDIA CUDA; 32; 48; 52; NVIDIA GeForce GTX 1650 with Max-Q Design
30/12/21 00.26.05; 256; 4.356558E+00; 4.286061E-02; 1.025280E-01; 3.574154E+01; 5.385600E-01; standard; NVIDIA CUDA; 32; 48; 52; NVIDIA GeForce GTX 1650 with Max-Q Design
30/12/21 00.26.10; 256; 4.398587E+00; 4.048486E-02; 9.625600E-02; 3.538874E+01; 5.837120E-01; standard; NVIDIA CUDA; 32; 49; 52; NVIDIA GeForce GTX 1650 with Max-Q Design
30/12/21 00.30.20; 64; 6.391151E+00; 7.036928E-03; 4.624000E-02; 5.045952E+00; 3.297280E-01; standard; NVIDIA CUDA; 32; 45; 52; NVIDIA GeForce GTX 1650 with Max-Q Design
30/12/21 00.30.27; 64; 4.168423E+00; 8.115008E-03; 4.972800E-02; 5.225952E+00; 3.018240E-01; standard; NVIDIA CUDA; 32; 46; 52; NVIDIA GeForce GTX 1650 with Max-Q Design
30/12/21 00.34.03; 128; 6.790221E+00; 1.706595E-02; 6.345600E-02; 1.245008E+01; 5.328000E-01; standard; NVIDIA CUDA; 32; 46; 52; NVIDIA GeForce GTX 1650 with Max-Q Design
30/12/21 00.34.14; 128; 4.435996E+00; 1.814528E-02; 9.625600E-02; 1.332765E+01; 4.629120E-01; standard; NVIDIA CUDA; 32; 47; 52; NVIDIA GeForce GTX 1650 with Max-Q Design
30/12/21 00.34.19; 128; 4.554847E+00; 2.067456E-02; 7.782400E-02; 1.289878E+01; 3.462720E-01; standard; NVIDIA CUDA; 32; 48; 52; NVIDIA GeForce GTX 1650 with Max-Q Design
30/12/21 00.39.25; 64; 6.606161E+00; 9.853760E-03; 4.755200E-02; 6.048448E+00; 3.092480E-01; standard; NVIDIA CUDA; 32; 46; 52; NVIDIA GeForce GTX 1650 with Max-Q Design
30/12/21 00.39.30; 64; 4.272037E+00; 8.515424E-03; 6.908800E-02; 5.146304E+00; 3.201280E-01; standard; NVIDIA CUDA; 32; 47; 52; NVIDIA GeForce GTX 1650 with Max-Q Design
30/12/21 00.40.45; 64; 6.647647E+00; 7.817408E-03; 6.428800E-02; 5.029440E+00; 4.215360E-01; standard; NVIDIA CUDA; 32; 45; 52; NVIDIA GeForce GTX 1650 with Max-Q Design
30/12/21 00.45.06; 64; 6.365611E+00; 8.092800E-03; 4.643200E-02; 5.379104E+00; 5.397760E-01; standard; NVIDIA CUDA; 32; 45; 52; NVIDIA GeForce GTX 1650 with Max-Q Design
30/12/21 00.45.11; 64; 4.138039E+00; 1.071485E-02; 7.142400E-02; 5.920192E+00; 2.946560E-01; standard; NVIDIA CUDA; 32; 46; 52; NVIDIA GeForce GTX 1650 with Max-Q Design
30/12/21 00.45.55; 128; 6.353865E+00; 1.648093E-02; 6.041600E-02; 1.335296E+01; 3.662400E-01; standard; NVIDIA CUDA; 32; 45; 52; NVIDIA GeForce GTX 1650 with Max-Q Design
30/12/21 00.45.59; 128; 4.192399E+00; 2.160854E-02; 8.179200E-02; 1.431962E+01; 4.792320E-01; standard; NVIDIA CUDA; 32; 46; 52; NVIDIA GeForce GTX 1650 with Max-Q Design
30/12/21 00.46.03; 128; 4.149172E+00; 2.013840E-02; 7.136000E-02; 1.483162E+01; 4.338880E-01; standard; NVIDIA CUDA; 32; 47; 52; NVIDIA GeForce GTX 1650 with Max-Q Design
30/12/21 00.47.25; 128; 6.393028E+00; 1.707347E-02; 6.147200E-02; 1.402646E+01; 3.821760E-01; standard; NVIDIA CUDA; 32; 45; 52; NVIDIA GeForce GTX 1650 with Max-Q Design
30/12/21 00.47.29; 128; 4.265081E+00; 2.152854E-02; 6.960000E-02; 1.421475E+01; 4.853760E-01; standard; NVIDIA CUDA; 32; 46; 52; NVIDIA GeForce GTX 1650 with Max-Q Design
30/12/21 00.49.05; 64; 6.347668E+00; 7.561216E-03; 4.710400E-02; 5.044224E+00; 2.723840E-01; standard; NVIDIA CUDA; 32; 43; 52; NVIDIA GeForce GTX 1650 with Max-Q Design
30/12/21 00.49.53; 64; 6.382768E+00; 9.547840E-03; 5.516800E-02; 5.999104E+00; 3.344640E-01; standard; NVIDIA CUDA; 32; 46; 52; NVIDIA GeForce GTX 1650 with Max-Q Design
30/12/21 00.50.22; 64; 6.382504E+00; 7.769856E-03; 4.508800E-02; 5.210112E+00; 2.721280E-01; standard; NVIDIA CUDA; 32; 47; 52; NVIDIA GeForce GTX 1650 with Max-Q Design
30/12/21 00.52.12; 64; 6.421734E+00; 7.294400E-03; 4.675200E-02; 4.855168E+00; 2.713600E-01; standard; NVIDIA CUDA; 32; 43; 52; NVIDIA GeForce GTX 1650 with Max-Q Design
30/12/21 00.58.04; 64; 6.401177E+00; 7.579456E-03; 4.633600E-02; 5.062976E+00; 2.887680E-01; standard; NVIDIA CUDA; 32; 43; 52; NVIDIA GeForce GTX 1650 with Max-Q Design
30/12/21 01.00.10; 64; 6.379753E+00; 8.241152E-03; 4.457600E-02; 5.329984E+00; 4.833280E-01; standard; NVIDIA CUDA; 32; 43; 52; NVIDIA GeForce GTX 1650 with Max-Q Design
30/12/21 01.04.25; 64; 6.432936E+00; 7.455584E-03; 4.563200E-02; 5.339008E+00; 2.954240E-01; standard; NVIDIA CUDA; 32; 40; 52; NVIDIA GeForce GTX 1650 with Max-Q Design
30/12/21 01.04.30; 64; 4.329613E+00; 1.213440E-02; 1.226880E-01; 5.252832E+00; 3.297280E-01; standard; NVIDIA CUDA; 32; 41; 52; NVIDIA GeForce GTX 1650 with Max-Q Design
30/12/21 01.08.04; 64; 6.407470E+00; 8.212480E-03; 4.710400E-02; 5.062336E+00; 5.426880E-01; standard; NVIDIA CUDA; 32; 42; 52; NVIDIA GeForce GTX 1650 with Max-Q Design
30/12/21 01.08.56; 64; 6.317339E+00; 7.327712E-03; 4.486400E-02; 4.854528E+00; 2.764800E-01; standard; NVIDIA CUDA; 32; 43; 52; NVIDIA GeForce GTX 1650 with Max-Q Design
30/12/21 01.10.49; 64; 6.392541E+00; 7.435872E-03; 5.235200E-02; 5.514368E+00; 2.728320E-01; standard; NVIDIA CUDA; 32; 43; 52; NVIDIA GeForce GTX 1650 with Max-Q Design
30/12/21 01.11.37; 64; 6.772116E+00; 8.564128E-03; 4.700800E-02; 5.671328E+00; 4.054080E-01; standard; NVIDIA CUDA; 32; 45; 52; NVIDIA GeForce GTX 1650 with Max-Q Design
30/12/21 01.12.08; 64; 6.553944E+00; 1.002176E-02; 4.800000E-02; 7.229440E+00; 2.867200E-01; standard; NVIDIA CUDA; 32; 46; 52; NVIDIA GeForce GTX 1650 with Max-Q Design
30/12/21 01.13.19; 64; 6.446917E+00; 7.403264E-03; 4.617600E-02; 5.226112E+00; 2.885120E-01; standard; NVIDIA CUDA; 32; 44; 52; NVIDIA GeForce GTX 1650 with Max-Q Design
30/12/21 01.16.36; 64; 2.848815E+00; 6.561792E-03; 5.734400E-02; 4.272128E+00; 1.495040E-01; standard; NVIDIA CUDA; 32; 46; 52; NVIDIA GeForce GTX 1650 with Max-Q Design
30/12/21 01.16.37; 64; 1.256808E+00; 8.169632E-03; 7.388800E-02; 4.664160E+00; 2.498560E-01; standard; NVIDIA CUDA; 32; 46; 52; NVIDIA GeForce GTX 1650 with Max-Q Design
30/12/21 01.17.18; 64; 2.157808E+00; 5.840768E-03; 6.144000E-02; 4.310272E+00; 1.534720E-01; standard; NVIDIA CUDA; 32; 47; 52; NVIDIA GeForce GTX 1650 with Max-Q Design
30/12/21 01.17.50; 64; 6.797381E+00; 8.167424E-03; 5.939200E-02; 5.381344E+00; 5.467840E-01; standard; NVIDIA CUDA; 32; 48; 52; NVIDIA GeForce GTX 1650 with Max-Q Design
30/12/21 01.17.55; 64; 4.537990E+00; 1.249261E-02; 7.555200E-02; 6.176256E+00; 5.015680E-01; standard; NVIDIA CUDA; 32; 49; 52; NVIDIA GeForce GTX 1650 with Max-Q Design
30/12/21 01.17.59; 64; 4.691985E+00; 1.508899E-02; 4.710400E-02; 6.024704E+00; 4.273600E-01; standard; NVIDIA CUDA; 32; 49; 52; NVIDIA GeForce GTX 1650 with Max-Q Design
30/12/21 01.20.55; 64; 2.859263E+00; 6.844384E-03; 5.580800E-02; 4.675584E+00; 2.678400E-01; standard; NVIDIA CUDA; 32; 44; 52; NVIDIA GeForce GTX 1650 with Max-Q Design
30/12/21 01.20.56; 64; 1.224049E+00; 1.005130E-02; 8.153600E-02; 4.955200E+00; 1.658880E-01; standard; NVIDIA CUDA; 32; 45; 52; NVIDIA GeForce GTX 1650 with Max-Q Design
30/12/21 01.21.29; 64; 6.033937E+00; 9.768960E-03; 6.963200E-02; 7.311104E+00; 3.262080E-01; standard; NVIDIA CUDA; 32; 47; 52; NVIDIA GeForce GTX 1650 with Max-Q Design
30/12/21 01.21.33; 64; 4.514273E+00; 1.269158E-02; 6.156800E-02; 5.505472E+00; 3.379200E-01; standard; NVIDIA CUDA; 32; 48; 52; NVIDIA GeForce GTX 1650 with Max-Q Design
30/12/21 01.28.30; 64; 1.360085E+02; 7.990048E-03; 4.585600E-02; 5.414304E+00; 2.867200E-01; standard; NVIDIA CUDA; 32; 42; 52; NVIDIA GeForce GTX 1650 with Max-Q Design
30/12/21 01.28.35; 64; 4.240632E+00; 1.091616E-02; 4.742400E-02; 5.924832E+00; 3.260160E-01; standard; NVIDIA CUDA; 32; 43; 52; NVIDIA GeForce GTX 1650 with Max-Q Design
30/12/21 01.35.07; 64; 6.664500E+00; 9.404704E-03; 4.508800E-02; 7.217152E+00; 3.440640E-01; standard; NVIDIA CUDA; 32; 48; 52; NVIDIA GeForce GTX 1650 with Max-Q Design
30/12/21 01.35.11; 64; 4.179493E+00; 1.137658E-02; 5.155200E-02; 6.055584E+00; 2.699200E-01; standard; NVIDIA CUDA; 32; 49; 52; NVIDIA GeForce GTX 1650 with Max-Q Design
30/12/21 01.35.15; 64; 4.311282E+00; 1.362966E-02; 4.528000E-02; 5.278944E+00; 4.382720E-01; standard; NVIDIA CUDA; 32; 50; 52; NVIDIA GeForce GTX 1650 with Max-Q Design
30/12/21 01.35.20; 64; 4.255831E+00; 1.232624E-02; 9.859200E-02; 5.975200E+00; 2.987520E-01; standard; NVIDIA CUDA; 32; 50; 52; NVIDIA GeForce GTX 1650 with Max-Q Design
30/12/21 01.35.24; 64; 4.436106E+00; 1.218390E-02; 7.987200E-02; 5.868992E+00; 3.624960E-01; standard; NVIDIA CUDA; 32; 50; 52; NVIDIA GeForce GTX 1650 with Max-Q Design
30/12/21 01.35.29; 64; 4.725821E+00; 1.502237E-02; 6.432000E-02; 5.483136E+00; 3.359680E-01; standard; NVIDIA CUDA; 32; 51; 52; NVIDIA GeForce GTX 1650 with Max-Q Design
30/12/21 01.35.34; 64; 4.703979E+00; 1.407306E-02; 7.168000E-02; 6.459168E+00; 6.738240E-01; standard; NVIDIA CUDA; 32; 51; 52; NVIDIA GeForce GTX 1650 with Max-Q Design
30/12/21 01.35.39; 64; 4.801664E+00; 1.269386E-02; 4.966400E-02; 5.539104E+00; 3.152320E-01; standard; NVIDIA CUDA; 32; 52; 52; NVIDIA GeForce GTX 1650 with Max-Q Design
30/12/21 01.35.44; 64; 4.759060E+00; 1.003107E-02; 7.273600E-02; 5.646592E+00; 3.850240E-01; standard; NVIDIA CUDA; 32; 53; 52; NVIDIA GeForce GTX 1650 with Max-Q Design
30/12/21 01.35.49; 64; 4.711686E+00; 1.886592E-02; 5.520000E-02; 1.001629E+01; 4.938560E-01; standard; NVIDIA CUDA; 32; 53; 52; NVIDIA GeForce GTX 1650 with Max-Q Design
30/12/21 04.03.03; 64; 4.056140E-02; 7.147648E-03; 5.913600E-02; 5.446656E+00; 3.133440E-01; standard; NVIDIA CUDA; 32; 43; 52; NVIDIA GeForce GTX 1650 with Max-Q Design
30/12/21 04.11.29; 64; 6.662600E-02; 8.792064E-03; 8.192000E-02; 6.078464E+00; 2.949120E-01; standard; NVIDIA CUDA; 32; 42; 52; NVIDIA GeForce GTX 1650 with Max-Q Design
30/12/21 04.14.37; 64; 8.658539E+01; 1.546643E+01; 1.528000E-01; 5.831232E+00; 3.211200E-01; standard; NVIDIA CUDA; 32; 43; 52; NVIDIA GeForce GTX 1650 with Max-Q Design
30/12/21 04.15.11; 64; 9.253071E+00; 1.602669E-02; 2.529600E-01; 7.143424E+00; 3.232960E-01; standard; NVIDIA CUDA; 32; 45; 52; NVIDIA GeForce GTX 1650 with Max-Q Design
30/12/21 04.16.42; 64; 3.986908E+00; 1.270374E-02; 1.310720E-01; 7.987200E+00; 3.346880E-01; standard; NVIDIA CUDA; 32; 44; 52; NVIDIA GeForce GTX 1650 with Max-Q Design
30/12/21 04.16.42; 64; 3.342330E-02; 1.108134E-02; 3.686400E-02; 6.569984E+00; 2.969920E-01; standard; NVIDIA CUDA; 32; 44; 52; NVIDIA GeForce GTX 1650 with Max-Q Design
30/12/21 04.16.42; 64; 3.853470E-02; 1.287210E-02; 3.091200E-02; 5.261600E+00; 4.698880E-01; standard; NVIDIA CUDA; 32; 44; 52; NVIDIA GeForce GTX 1650 with Max-Q Design
30/12/21 04.16.43; 64; 3.557380E-02; 1.140758E-02; 3.094400E-02; 5.474176E+00; 3.051520E-01; standard; NVIDIA CUDA; 32; 44; 52; NVIDIA GeForce GTX 1650 with Max-Q Design
30/12/21 04.16.43; 64; 3.533400E-02; 9.524928E-03; 3.216000E-02; 6.010848E+00; 3.010880E-01; standard; NVIDIA CUDA; 32; 44; 52; NVIDIA GeForce GTX 1650 with Max-Q Design
30/12/21 04.22.17; 64; 2.659450E-02; 7.508064E-03; 5.968000E-02; 5.441504E+00; 2.769600E-01; standard; NVIDIA CUDA; 32; 41; 52; NVIDIA GeForce GTX 1650 with Max-Q Design
30/12/21 04.22.18; 64; 2.885180E-02; 9.367552E-03; 3.075200E-02; 6.281568E+00; 3.746880E-01; standard; NVIDIA CUDA; 32; 41; 52; NVIDIA GeForce GTX 1650 with Max-Q Design
30/12/21 04.22.18; 64; 3.892860E-02; 1.055085E-02; 3.072000E-02; 5.256800E+00; 2.965120E-01; standard; NVIDIA CUDA; 32; 41; 52; NVIDIA GeForce GTX 1650 with Max-Q Design
30/12/21 04.22.18; 64; 3.707740E-02; 9.762816E-03; 3.072000E-02; 5.484320E+00; 3.057920E-01; standard; NVIDIA CUDA; 32; 41; 52; NVIDIA GeForce GTX 1650 with Max-Q Design
30/12/21 04.22.18; 64; 3.898270E-02; 1.213968E-02; 3.600000E-02; 6.700512E+00; 3.313920E-01; standard; NVIDIA CUDA; 32; 41; 52; NVIDIA GeForce GTX 1650 with Max-Q Design
30/12/21 04.24.07; 64; 2.874310E-02; 7.819840E-03; 5.923200E-02; 5.877152E+00; 3.153600E-01; standard; NVIDIA CUDA; 32; 43; 52; NVIDIA GeForce GTX 1650 with Max-Q Design
30/12/21 04.24.07; 64; 2.712530E-02; 7.384928E-03; 3.062400E-02; 5.240800E+00; 3.500800E-01; standard; NVIDIA CUDA; 32; 43; 52; NVIDIA GeForce GTX 1650 with Max-Q Design
30/12/21 04.24.07; 64; 3.781720E-02; 1.022362E-02; 3.072000E-02; 5.323136E+00; 3.116160E-01; standard; NVIDIA CUDA; 32; 43; 52; NVIDIA GeForce GTX 1650 with Max-Q Design
30/12/21 04.24.07; 64; 3.496340E-02; 1.111821E-02; 3.334400E-02; 7.819264E+00; 3.287680E-01; standard; NVIDIA CUDA; 32; 43; 52; NVIDIA GeForce GTX 1650 with Max-Q Design
30/12/21 04.24.08; 64; 3.617900E-02; 1.019978E-02; 3.145600E-02; 5.409248E+00; 3.175360E-01; standard; NVIDIA CUDA; 32; 43; 52; NVIDIA GeForce GTX 1650 with Max-Q Design
30/12/21 04.24.59; 64; 2.835830E-02; 7.839008E-03; 7.801600E-02; 5.335296E+00; 2.857920E-01; standard; NVIDIA CUDA; 32; 43; 52; NVIDIA GeForce GTX 1650 with Max-Q Design
30/12/21 04.24.59; 64; 2.706350E-02; 8.287520E-03; 3.072000E-02; 5.855904E+00; 3.005760E-01; standard; NVIDIA CUDA; 32; 43; 52; NVIDIA GeForce GTX 1650 with Max-Q Design
30/12/21 04.24.59; 64; 3.543450E-02; 1.151590E-02; 3.443200E-02; 6.004672E+00; 4.038720E-01; standard; NVIDIA CUDA; 32; 43; 52; NVIDIA GeForce GTX 1650 with Max-Q Design
30/12/21 04.25.00; 64; 3.652780E-02; 1.071517E-02; 3.075200E-02; 5.495104E+00; 3.686400E-01; standard; NVIDIA CUDA; 32; 43; 52; NVIDIA GeForce GTX 1650 with Max-Q Design
30/12/21 04.25.00; 64; 4.081360E-02; 1.172890E-02; 3.212800E-02; 5.420032E+00; 2.686720E-01; standard; NVIDIA CUDA; 32; 44; 52; NVIDIA GeForce GTX 1650 with Max-Q Design
30/12/21 04.25.43; 2048; 1.472118E+00; 8.928059E-01; 1.010208E+00; 7.184535E+02; 7.994560E-01; standard; NVIDIA CUDA; 32; 46; 52; NVIDIA GeForce GTX 1650 with Max-Q Design
30/12/21 04.25.44; 2048; 1.312312E+00; 7.827757E-01; 6.810560E-01; 6.373786E+02; 8.010880E-01; standard; NVIDIA CUDA; 32; 46; 52; NVIDIA GeForce GTX 1650 with Max-Q Design
30/12/21 04.25.46; 2048; 1.362600E+00; 8.149948E-01; 6.758400E-01; 6.406230E+02; 9.844480E-01; standard; NVIDIA CUDA; 32; 46; 52; NVIDIA GeForce GTX 1650 with Max-Q Design
30/12/21 04.25.47; 2048; 1.371797E+00; 8.282993E-01; 7.256320E-01; 6.454499E+02; 1.099200E+00; standard; NVIDIA CUDA; 32; 47; 52; NVIDIA GeForce GTX 1650 with Max-Q Design
30/12/21 04.25.49; 2048; 1.378774E+00; 8.311879E-01; 6.988480E-01; 6.391262E+02; 1.339392E+00; standard; NVIDIA CUDA; 32; 47; 52; NVIDIA GeForce GTX 1650 with Max-Q Design
30/12/21 04.29.07; 2048; 1.444059E+00; 9.071248E-01; 1.060352E+00; 7.428935E+02; 8.007680E-01; standard; NVIDIA CUDA; 32; 44; 52; NVIDIA GeForce GTX 1650 with Max-Q Design
30/12/21 04.29.09; 2048; 1.331396E+00; 8.032895E-01; 6.802240E-01; 6.440455E+02; 8.007680E-01; standard; NVIDIA CUDA; 32; 45; 52; NVIDIA GeForce GTX 1650 with Max-Q Design
30/12/21 04.29.10; 2048; 1.350593E+00; 8.003277E-01; 6.819840E-01; 6.329920E+02; 1.005568E+00; standard; NVIDIA CUDA; 32; 45; 52; NVIDIA GeForce GTX 1650 with Max-Q Design
30/12/21 04.29.12; 2048; 1.358509E+00; 7.971841E-01; 6.782080E-01; 6.378295E+02; 1.731712E+00; standard; NVIDIA CUDA; 32; 46; 52; NVIDIA GeForce GTX 1650 with Max-Q Design
30/12/21 04.29.13; 2048; 1.360111E+00; 8.160522E-01; 6.799360E-01; 6.406188E+02; 9.734720E-01; standard; NVIDIA CUDA; 32; 46; 52; NVIDIA GeForce GTX 1650 with Max-Q Design
30/12/21 04.37.50; 128; 1.611142E-01; 1.969245E-02; 1.191040E-01; 1.723859E+01; 3.630080E-01; vec4; NVIDIA CUDA; 32; 41; 52; NVIDIA GeForce GTX 1650 with Max-Q Design
01/01/22 16.30.06; 64; 1.858763E+00; 1.099754E-02; 1.002560E-01; 7.407776E+00; 2.393920E-01; standard; NVIDIA CUDA; 32; 39; 50; NVIDIA GeForce GTX 1650 with Max-Q Design
01/01/22 17.12.36; 64; 7.879460E-02; 8.165376E-03; 4.646400E-02; 5.677056E+00; 2.784960E-01; standard; NVIDIA CUDA; 32; 38; 42; NVIDIA GeForce GTX 1650 with Max-Q Design
01/01/22 17.13.13; 64; 6.729340E-02; 7.845760E-03; 4.486400E-02; 6.010240E+00; 2.659200E-01; vec4; NVIDIA CUDA; 32; 40; 42; NVIDIA GeForce GTX 1650 with Max-Q Design
01/01/22 17.13.39; 64; 2.557403E+01; 2.549682E+01; 3.056000E-02; 2.549325E+04; 3.480320E-01; vec4; NVIDIA CUDA; 32; 39; 42; NVIDIA GeForce GTX 1650 with Max-Q Design
01/01/22 17.14.52; 64; 6.764920E-02; 7.842080E-03; 4.556800E-02; 5.371968E+00; 2.698560E-01; standard; NVIDIA CUDA; 32; 43; 42; NVIDIA GeForce GTX 1650 with Max-Q Design
01/01/22 17.14.52; 64; 8.641050E-02; 1.246829E-02; 3.289600E-02; 5.918720E+00; 5.139840E-01; standard; NVIDIA CUDA; 32; 43; 42; NVIDIA GeForce GTX 1650 with Max-Q Design
01/01/22 17.14.52; 64; 8.951650E-02; 1.104682E-02; 3.225600E-02; 5.212896E+00; 2.745280E-01; standard; NVIDIA CUDA; 32; 43; 42; NVIDIA GeForce GTX 1650 with Max-Q Design
01/01/22 17.14.52; 64; 8.706780E-02; 1.038077E-02; 3.084800E-02; 5.394688E+00; 4.502720E-01; standard; NVIDIA CUDA; 32; 43; 42; NVIDIA GeForce GTX 1650 with Max-Q Design
01/01/22 17.14.53; 64; 8.158230E-02; 8.427936E-03; 3.251200E-02; 5.421056E+00; 2.999680E-01; standard; NVIDIA CUDA; 32; 43; 42; NVIDIA GeForce GTX 1650 with Max-Q Design
01/01/22 17.21.12; 64; 6.644120E-02; 8.380256E-03; 4.691200E-02; 5.902336E+00; 2.985920E-01; vec4; NVIDIA CUDA; 32; 38; 42; NVIDIA GeForce GTX 1650 with Max-Q Design
01/01/22 17.24.01; 64; 2.395105E+01; 2.388853E+01; 5.939200E-02; 8.417632E+00; 3.379200E-01; vec4; NVIDIA CUDA; 32; 40; 42; NVIDIA GeForce GTX 1650 with Max-Q Design
01/01/22 17.25.05; 64; 6.452553E+01; 1.978241E+01; 3.360000E-02; 1.948906E+01; 3.150400E-01; vec4; NVIDIA CUDA; 32; 41; 42; NVIDIA GeForce GTX 1650 with Max-Q Design
01/01/22 17.26.15; 64; 2.013461E+01; 1.860018E+00; 1.884160E-01; 1.649709E+01; 3.153920E-01; vec4; NVIDIA CUDA; 32; 42; 42; NVIDIA GeForce GTX 1650 with Max-Q Design
01/01/22 17.26.25; 64; 9.428021E+00; 1.354240E+00; 1.290880E-01; 1.140704E+01; 3.101120E-01; vec4; NVIDIA CUDA; 32; 42; 42; NVIDIA GeForce GTX 1650 with Max-Q Design
01/01/22 17.26.44; 64; 2.272177E+00; 1.087693E-02; 6.665600E-02; 7.073824E+00; 3.152960E-01; vec4; NVIDIA CUDA; 32; 44; 42; NVIDIA GeForce GTX 1650 with Max-Q Design
01/01/22 17.26.44; 64; 9.030310E-02; 1.356352E-02; 1.783680E-01; 9.715584E+00; 4.049280E-01; vec4; NVIDIA CUDA; 32; 44; 42; NVIDIA GeForce GTX 1650 with Max-Q Design
01/01/22 17.26.44; 64; 8.046350E-02; 8.492672E-03; 3.091200E-02; 5.713216E+00; 2.818560E-01; vec4; NVIDIA CUDA; 32; 44; 42; NVIDIA GeForce GTX 1650 with Max-Q Design
01/01/22 17.26.44; 64; 7.854880E-02; 7.944672E-03; 3.110400E-02; 5.670880E+00; 3.194880E-01; vec4; NVIDIA CUDA; 32; 44; 42; NVIDIA GeForce GTX 1650 with Max-Q Design
01/01/22 17.26.45; 64; 8.195940E-02; 1.007667E-02; 5.891200E-02; 5.822112E+00; 3.058240E-01; vec4; NVIDIA CUDA; 32; 44; 42; NVIDIA GeForce GTX 1650 with Max-Q Design
01/01/22 17.30.49; 64; 7.643430E-02; 7.929920E-03; 4.739200E-02; 5.377280E+00; 2.902720E-01; standard; NVIDIA CUDA; 32; 40; 42; NVIDIA GeForce GTX 1650 with Max-Q Design
01/01/22 17.30.50; 64; 7.726260E-02; 7.968768E-03; 3.276800E-02; 5.137568E+00; 5.283840E-01; standard; NVIDIA CUDA; 32; 40; 42; NVIDIA GeForce GTX 1650 with Max-Q Design
01/01/22 17.30.50; 64; 7.793410E-02; 9.967616E-03; 3.072000E-02; 5.283808E+00; 3.221120E-01; standard; NVIDIA CUDA; 32; 40; 42; NVIDIA GeForce GTX 1650 with Max-Q Design
01/01/22 17.30.50; 64; 6.906930E-02; 8.969952E-03; 3.200000E-02; 5.908256E+00; 5.505920E-01; standard; NVIDIA CUDA; 32; 41; 42; NVIDIA GeForce GTX 1650 with Max-Q Design
01/01/22 17.30.50; 64; 7.853480E-02; 9.070944E-03; 3.132800E-02; 5.183488E+00; 3.970240E-01; standard; NVIDIA CUDA; 32; 41; 42; NVIDIA GeForce GTX 1650 with Max-Q Design
01/01/22 17.34.12; 2048; 3.266044E+00; 8.981034E-01; 9.955520E-01; 7.422193E+02; 9.501440E-01; standard; NVIDIA CUDA; 32; 40; 42; NVIDIA GeForce GTX 1650 with Max-Q Design
01/01/22 17.34.15; 2048; 3.234836E+00; 8.955275E-01; 9.828480E-01; 7.299497E+02; 1.222656E+00; standard; NVIDIA CUDA; 32; 41; 42; NVIDIA GeForce GTX 1650 with Max-Q Design
01/01/22 17.34.19; 2048; 3.261458E+00; 9.082737E-01; 9.804160E-01; 7.271273E+02; 1.022272E+00; standard; NVIDIA CUDA; 32; 42; 42; NVIDIA GeForce GTX 1650 with Max-Q Design
01/01/22 17.34.22; 2048; 3.245065E+00; 9.414574E-01; 9.884800E-01; 7.347323E+02; 9.709120E-01; standard; NVIDIA CUDA; 32; 43; 42; NVIDIA GeForce GTX 1650 with Max-Q Design
01/01/22 17.34.25; 2048; 2.710650E+00; 9.084867E-01; 9.801600E-01; 7.462912E+02; 1.110944E+00; standard; NVIDIA CUDA; 32; 44; 42; NVIDIA GeForce GTX 1650 with Max-Q Design
01/01/22 17.34.27; 2048; 2.396324E+00; 9.031565E-01; 1.000256E+00; 7.193857E+02; 1.001696E+00; standard; NVIDIA CUDA; 32; 44; 42; NVIDIA GeForce GTX 1650 with Max-Q Design
01/01/22 17.34.30; 2048; 2.352097E+00; 8.649006E-01; 6.798720E-01; 6.850846E+02; 1.043584E+00; standard; NVIDIA CUDA; 32; 45; 42; NVIDIA GeForce GTX 1650 with Max-Q Design
01/01/22 17.34.32; 2048; 2.382875E+00; 8.949158E-01; 6.776640E-01; 7.171291E+02; 7.977600E-01; standard; NVIDIA CUDA; 32; 45; 42; NVIDIA GeForce GTX 1650 with Max-Q Design
01/01/22 17.34.35; 2048; 2.399760E+00; 8.990031E-01; 6.781440E-01; 7.202297E+02; 1.175552E+00; standard; NVIDIA CUDA; 32; 46; 42; NVIDIA GeForce GTX 1650 with Max-Q Design
01/01/22 17.34.37; 2048; 2.250764E+00; 8.158044E-01; 7.062720E-01; 6.481743E+02; 1.105920E+00; standard; NVIDIA CUDA; 32; 46; 42; NVIDIA GeForce GTX 1650 with Max-Q Design
01/01/22 17.34.40; 2048; 2.262058E+00; 8.310211E-01; 6.818880E-01; 6.497794E+02; 8.040000E-01; standard; NVIDIA CUDA; 32; 47; 42; NVIDIA GeForce GTX 1650 with Max-Q Design
01/01/22 17.34.42; 2048; 2.232833E+00; 8.227587E-01; 6.799360E-01; 6.500747E+02; 8.538240E-01; standard; NVIDIA CUDA; 32; 47; 42; NVIDIA GeForce GTX 1650 with Max-Q Design
01/01/22 17.34.45; 2048; 2.223321E+00; 8.009728E-01; 6.819840E-01; 6.353622E+02; 8.439680E-01; standard; NVIDIA CUDA; 32; 48; 42; NVIDIA GeForce GTX 1650 with Max-Q Design
01/01/22 17.34.47; 2048; 2.299692E+00; 8.708103E-01; 6.826880E-01; 7.105659E+02; 8.048640E-01; standard; NVIDIA CUDA; 32; 48; 42; NVIDIA GeForce GTX 1650 with Max-Q Design
01/01/22 17.34.49; 2048; 2.290050E+00; 8.689515E-01; 6.832640E-01; 7.031110E+02; 8.003520E-01; standard; NVIDIA CUDA; 32; 48; 42; NVIDIA GeForce GTX 1650 with Max-Q Design
01/01/22 17.34.52; 2048; 2.219903E+00; 7.965546E-01; 6.835520E-01; 6.364180E+02; 8.024320E-01; standard; NVIDIA CUDA; 32; 49; 42; NVIDIA GeForce GTX 1650 with Max-Q Design
01/01/22 17.34.54; 2048; 2.302932E+00; 8.693412E-01; 6.815360E-01; 7.164058E+02; 8.436480E-01; standard; NVIDIA CUDA; 32; 49; 42; NVIDIA GeForce GTX 1650 with Max-Q Design
01/01/22 17.34.57; 2048; 2.306338E+00; 8.792494E-01; 6.819840E-01; 7.086854E+02; 7.894400E-01; standard; NVIDIA CUDA; 32; 49; 42; NVIDIA GeForce GTX 1650 with Max-Q Design
01/01/22 17.34.59; 2048; 2.242147E+00; 8.116639E-01; 7.296000E-01; 6.400041E+02; 7.950400E-01; standard; NVIDIA CUDA; 32; 50; 42; NVIDIA GeForce GTX 1650 with Max-Q Design
01/01/22 17.35.01; 2048; 2.234999E+00; 8.151224E-01; 6.832320E-01; 6.366678E+02; 9.038080E-01; standard; NVIDIA CUDA; 32; 50; 42; NVIDIA GeForce GTX 1650 with Max-Q Design
01/01/22 17.35.04; 2048; 2.350534E+00; 9.057884E-01; 6.817920E-01; 7.127392E+02; 8.066880E-01; standard; NVIDIA CUDA; 32; 50; 42; NVIDIA GeForce GTX 1650 with Max-Q Design
01/01/22 17.35.06; 2048; 2.358357E+00; 8.682670E-01; 6.812160E-01; 6.747382E+02; 8.038720E-01; standard; NVIDIA CUDA; 32; 50; 42; NVIDIA GeForce GTX 1650 with Max-Q Design
01/01/22 17.35.09; 2048; 2.342024E+00; 8.903086E-01; 6.819840E-01; 7.109762E+02; 8.029440E-01; standard; NVIDIA CUDA; 32; 51; 42; NVIDIA GeForce GTX 1650 with Max-Q Design
01/01/22 17.35.11; 2048; 2.272783E+00; 8.084890E-01; 6.786880E-01; 6.413460E+02; 8.061120E-01; standard; NVIDIA CUDA; 32; 51; 42; NVIDIA GeForce GTX 1650 with Max-Q Design
01/01/22 17.35.14; 2048; 2.261601E+00; 8.443596E-01; 6.837440E-01; 6.378459E+02; 9.725760E-01; standard; NVIDIA CUDA; 32; 51; 42; NVIDIA GeForce GTX 1650 with Max-Q Design
01/01/22 17.41.35; 64; 9.838770E-02; 8.832352E-03; 5.734400E-02; 6.647200E+00; 4.954560E-01; standard; NVIDIA CUDA; 32; 41; 42; NVIDIA GeForce GTX 1650 with Max-Q Design
01/01/22 17.41.35; 64; 1.028623E-01; 1.037302E-02; 3.856000E-02; 5.844448E+00; 4.805440E-01; standard; NVIDIA CUDA; 32; 41; 42; NVIDIA GeForce GTX 1650 with Max-Q Design
01/01/22 17.43.03; 64; 3.116690E-02; 7.979872E-03; 5.964800E-02; 5.595104E+00; 2.733120E-01; standard; NVIDIA CUDA; 32; 41; 42; NVIDIA GeForce GTX 1650 with Max-Q Design
01/01/22 17.43.03; 64; 4.832620E-02; 1.009664E-02; 3.072000E-02; 5.593088E+00; 4.390720E-01; standard; NVIDIA CUDA; 32; 41; 42; NVIDIA GeForce GTX 1650 with Max-Q Design
01/01/22 17.43.04; 64; 4.264230E-02; 7.857920E-03; 3.200000E-02; 5.414304E+00; 2.721280E-01; standard; NVIDIA CUDA; 32; 41; 42; NVIDIA GeForce GTX 1650 with Max-Q Design
01/01/22 17.43.04; 64; 4.210320E-02; 1.005274E-02; 3.177600E-02; 5.320992E+00; 2.714880E-01; standard; NVIDIA CUDA; 32; 42; 42; NVIDIA GeForce GTX 1650 with Max-Q Design
01/01/22 17.43.04; 64; 4.075580E-02; 1.051072E-02; 2.905600E-02; 5.083136E+00; 2.929600E-01; standard; NVIDIA CUDA; 32; 42; 42; NVIDIA GeForce GTX 1650 with Max-Q Design
01/01/22 17.44.04; 64; 8.474660E-02; 7.323520E-03; 7.398400E-02; 4.994400E+00; 2.760960E-01; standard; NVIDIA CUDA; 32; 44; 42; NVIDIA GeForce GTX 1650 with Max-Q Design
01/01/22 17.45.16; 64; 3.142350E-02; 6.976096E-03; 5.548800E-02; 5.283840E+00; 2.866880E-01; standard; NVIDIA CUDA; 32; 45; 42; NVIDIA GeForce GTX 1650 with Max-Q Design
01/01/22 17.48.25; 64; 2.801990E-02; 7.450528E-03; 5.990400E-02; 5.259328E+00; 2.697280E-01; standard; NVIDIA CUDA; 32; 41; 42; NVIDIA GeForce GTX 1650 with Max-Q Design
01/01/22 17.48.59; 64; 3.430400E-02; 7.833600E-03; 5.529600E-02; 5.771872E+00; 4.874240E-01; standard; NVIDIA CUDA; 32; 43; 42; NVIDIA GeForce GTX 1650 with Max-Q Design
01/01/22 17.51.57; 64; 3.463760E-02; 9.121792E-03; 6.553600E-02; 6.863744E+00; 3.276480E-01; vec4; NVIDIA CUDA; 32; 41; 42; NVIDIA GeForce GTX 1650 with Max-Q Design
01/01/22 17.51.57; 64; 5.165480E-02; 1.001008E-02; 3.228800E-02; 6.574112E+00; 3.209600E-01; vec4; NVIDIA CUDA; 32; 41; 42; NVIDIA GeForce GTX 1650 with Max-Q Design
01/01/22 17.51.58; 64; 4.780780E-02; 1.356717E-02; 3.264000E-02; 9.981952E+00; 2.981760E-01; vec4; NVIDIA CUDA; 32; 41; 42; NVIDIA GeForce GTX 1650 with Max-Q Design
01/01/22 17.51.58; 64; 4.818260E-02; 1.196214E-02; 3.862400E-02; 6.631328E+00; 2.974720E-01; vec4; NVIDIA CUDA; 32; 41; 42; NVIDIA GeForce GTX 1650 with Max-Q Design
01/01/22 17.51.58; 64; 4.648060E-02; 8.756384E-03; 5.104000E-02; 6.503840E+00; 3.718400E-01; vec4; NVIDIA CUDA; 32; 41; 42; NVIDIA GeForce GTX 1650 with Max-Q Design
01/01/22 17.52.21; 64; 3.176260E-02; 8.936448E-03; 5.996800E-02; 6.587904E+00; 5.406720E-01; vec4; NVIDIA CUDA; 32; 44; 42; NVIDIA GeForce GTX 1650 with Max-Q Design
01/01/22 17.52.21; 64; 4.748310E-02; 9.809376E-03; 3.481600E-02; 6.983680E+00; 3.578560E-01; vec4; NVIDIA CUDA; 32; 44; 42; NVIDIA GeForce GTX 1650 with Max-Q Design
01/01/22 17.52.21; 64; 4.701420E-02; 8.063168E-03; 3.091200E-02; 5.868928E+00; 3.563520E-01; vec4; NVIDIA CUDA; 32; 44; 42; NVIDIA GeForce GTX 1650 with Max-Q Design
01/01/22 17.52.21; 64; 4.706500E-02; 1.134470E-02; 3.065600E-02; 5.859840E+00; 2.887680E-01; vec4; NVIDIA CUDA; 32; 44; 42; NVIDIA GeForce GTX 1650 with Max-Q Design
01/01/22 17.52.22; 64; 4.447260E-02; 1.031898E-02; 3.260800E-02; 5.840640E+00; 3.022080E-01; vec4; NVIDIA CUDA; 32; 44; 42; NVIDIA GeForce GTX 1650 with Max-Q Design
01/01/22 17.56.50; 64; 3.715240E-02; 9.206112E-03; 6.332800E-02; 6.987104E+00; 2.867200E-01; vec4; NVIDIA CUDA; 32; 39; 42; NVIDIA GeForce GTX 1650 with Max-Q Design
01/01/22 17.56.50; 64; 4.547610E-02; 8.957920E-03; 3.072000E-02; 5.872192E+00; 3.260800E-01; vec4; NVIDIA CUDA; 32; 39; 42; NVIDIA GeForce GTX 1650 with Max-Q Design
01/01/22 18.01.37; 64; 3.239490E-02; 7.128896E-03; 6.345600E-02; 5.269952E+00; 2.750080E-01; standard; NVIDIA CUDA; 32; 39; 42; NVIDIA GeForce GTX 1650 with Max-Q Design
01/01/22 18.01.37; 64; 4.149700E-02; 8.686304E-03; 3.072000E-02; 5.115712E+00; 5.080320E-01; standard; NVIDIA CUDA; 32; 39; 42; NVIDIA GeForce GTX 1650 with Max-Q Design
01/01/22 18.01.37; 64; 4.384080E-02; 1.166269E-02; 2.998400E-02; 5.683168E+00; 4.721920E-01; standard; NVIDIA CUDA; 32; 39; 42; NVIDIA GeForce GTX 1650 with Max-Q Design
01/01/22 18.01.37; 64; 4.496880E-02; 9.406112E-03; 3.072000E-02; 5.943296E+00; 2.822720E-01; standard; NVIDIA CUDA; 32; 39; 42; NVIDIA GeForce GTX 1650 with Max-Q Design
01/01/22 18.01.38; 64; 5.102620E-02; 1.386835E-02; 5.324800E-02; 7.230688E+00; 1.023296E+00; standard; NVIDIA CUDA; 32; 39; 42; NVIDIA GeForce GTX 1650 with Max-Q Design
01/01/22 18.01.55; 64; 3.494850E-02; 1.024147E-02; 6.451200E-02; 7.460864E+00; 4.425600E-01; vec4; NVIDIA CUDA; 32; 42; 42; NVIDIA GeForce GTX 1650 with Max-Q Design
01/01/22 18.01.56; 64; 4.469310E-02; 1.079696E-02; 3.481600E-02; 5.817536E+00; 2.893120E-01; vec4; NVIDIA CUDA; 32; 42; 42; NVIDIA GeForce GTX 1650 with Max-Q Design
01/01/22 18.01.56; 64; 4.284770E-02; 9.068544E-03; 3.478400E-02; 6.447904E+00; 4.403200E-01; vec4; NVIDIA CUDA; 32; 42; 42; NVIDIA GeForce GTX 1650 with Max-Q Design
01/01/22 18.01.56; 64; 4.121190E-02; 9.883616E-03; 2.956800E-02; 6.149440E+00; 4.127680E-01; vec4; NVIDIA CUDA; 32; 42; 42; NVIDIA GeForce GTX 1650 with Max-Q Design
01/01/22 18.01.56; 64; 4.295800E-02; 1.139840E-02; 3.040000E-02; 5.713120E+00; 2.920960E-01; vec4; NVIDIA CUDA; 32; 42; 42; NVIDIA GeForce GTX 1650 with Max-Q Design
01/01/22 18.02.09; 64; 3.051750E-02; 8.394112E-03; 6.694400E-02; 6.181408E+00; 3.577280E-01; vec4; NVIDIA CUDA; 32; 44; 42; NVIDIA GeForce GTX 1650 with Max-Q Design
01/01/22 18.02.09; 64; 4.406970E-02; 1.359648E-02; 3.862400E-02; 6.288384E+00; 6.039680E-01; vec4; NVIDIA CUDA; 32; 44; 42; NVIDIA GeForce GTX 1650 with Max-Q Design
01/01/22 18.02.09; 64; 4.518610E-02; 1.062701E-02; 3.228800E-02; 5.869568E+00; 4.485120E-01; vec4; NVIDIA CUDA; 32; 44; 42; NVIDIA GeForce GTX 1650 with Max-Q Design
01/01/22 18.02.09; 64; 4.202660E-02; 9.053728E-03; 3.072000E-02; 6.387712E+00; 5.362880E-01; vec4; NVIDIA CUDA; 32; 44; 42; NVIDIA GeForce GTX 1650 with Max-Q Design
01/01/22 18.02.09; 64; 4.197290E-02; 1.046646E-02; 3.072000E-02; 6.065920E+00; 3.575040E-01; vec4; NVIDIA CUDA; 32; 44; 42; NVIDIA GeForce GTX 1650 with Max-Q Design
01/01/22 18.02.09; 64; 4.509410E-02; 1.075453E-02; 3.267200E-02; 5.685248E+00; 3.051520E-01; vec4; NVIDIA CUDA; 32; 44; 42; NVIDIA GeForce GTX 1650 with Max-Q Design
01/01/22 18.02.10; 64; 4.663860E-02; 1.648288E-02; 6.102400E-02; 8.148032E+00; 7.372800E-01; vec4; NVIDIA CUDA; 32; 44; 42; NVIDIA GeForce GTX 1650 with Max-Q Design
01/01/22 18.02.21; 64; 3.029660E-02; 8.080128E-03; 6.582400E-02; 6.129056E+00; 2.742400E-01; vec4; NVIDIA CUDA; 32; 45; 42; NVIDIA GeForce GTX 1650 with Max-Q Design
01/01/22 18.02.21; 64; 4.284940E-02; 7.856128E-03; 3.276800E-02; 5.978176E+00; 2.805760E-01; vec4; NVIDIA CUDA; 32; 45; 42; NVIDIA GeForce GTX 1650 with Max-Q Design
01/01/22 18.02.22; 64; 4.940510E-02; 9.045056E-03; 5.120000E-02; 6.359136E+00; 3.963520E-01; vec4; NVIDIA CUDA; 32; 45; 42; NVIDIA GeForce GTX 1650 with Max-Q Design
01/01/22 18.02.46; 64; 3.064730E-02; 8.585024E-03; 5.920000E-02; 6.200320E+00; 3.050560E-01; vec4; NVIDIA CUDA; 32; 46; 42; NVIDIA GeForce GTX 1650 with Max-Q Design
01/01/22 18.02.46; 64; 4.674430E-02; 1.034272E-02; 3.104000E-02; 5.767616E+00; 3.072000E-01; vec4; NVIDIA CUDA; 32; 46; 42; NVIDIA GeForce GTX 1650 with Max-Q Design
01/01/22 18.02.46; 64; 4.372660E-02; 1.044890E-02; 3.232000E-02; 6.066176E+00; 2.936320E-01; vec4; NVIDIA CUDA; 32; 46; 42; NVIDIA GeForce GTX 1650 with Max-Q Design
01/01/22 18.02.46; 64; 4.866760E-02; 8.580480E-03; 3.072000E-02; 5.705728E+00; 5.549760E-01; vec4; NVIDIA CUDA; 32; 46; 42; NVIDIA GeForce GTX 1650 with Max-Q Design
01/01/22 18.02.46; 64; 4.130390E-02; 9.390144E-03; 3.078400E-02; 6.697952E+00; 4.177920E-01; vec4; NVIDIA CUDA; 32; 46; 42; NVIDIA GeForce GTX 1650 with Max-Q Design
